-- --------------------------------------------------------
-- Host:                         181.129.16.205
-- Versión del servidor:         5.7.24-0ubuntu0.16.04.1 - (Ubuntu)
-- SO del servidor:              Linux
-- HeidiSQL Versión:             9.4.0.5125
-- --------------------------------------------------------

/*!40101 SET @OLD_CHARACTER_SET_CLIENT=@@CHARACTER_SET_CLIENT */;
/*!40101 SET NAMES utf8 */;
/*!50503 SET NAMES utf8mb4 */;
/*!40014 SET @OLD_FOREIGN_KEY_CHECKS=@@FOREIGN_KEY_CHECKS, FOREIGN_KEY_CHECKS=0 */;
/*!40101 SET @OLD_SQL_MODE=@@SQL_MODE, SQL_MODE='NO_AUTO_VALUE_ON_ZERO' */;

-- Volcando estructura para tabla admin_mvcontrol.arl
CREATE TABLE IF NOT EXISTS `arl` (
  `id` int(11) NOT NULL AUTO_INCREMENT,
  `code` varchar(50) NOT NULL DEFAULT '',
  `name` varchar(255) NOT NULL DEFAULT '',
  PRIMARY KEY (`id`),
  UNIQUE KEY `code` (`code`),
  KEY `id` (`id`),
  KEY `code_key` (`code`)
) ENGINE=InnoDB AUTO_INCREMENT=2 DEFAULT CHARSET=utf8mb4 ROW_FORMAT=DYNAMIC;

-- Volcando datos para la tabla admin_mvcontrol.arl: ~0 rows (aproximadamente)
/*!40000 ALTER TABLE `arl` DISABLE KEYS */;
INSERT IGNORE INTO `arl` (`id`, `code`, `name`) VALUES
	(1, '86001115-6', 'POSITIVA ARL');
/*!40000 ALTER TABLE `arl` ENABLE KEYS */;

-- Volcando estructura para tabla admin_mvcontrol.attached_files
CREATE TABLE IF NOT EXISTS `attached_files` (
  `id` int(11) NOT NULL AUTO_INCREMENT,
  `title` varchar(50) NOT NULL DEFAULT '0',
  `patch` varchar(250) NOT NULL DEFAULT '0',
  PRIMARY KEY (`id`),
  KEY `id` (`id`)
) ENGINE=InnoDB AUTO_INCREMENT=4 DEFAULT CHARSET=utf8;

-- Volcando datos para la tabla admin_mvcontrol.attached_files: ~2 rows (aproximadamente)
/*!40000 ALTER TABLE `attached_files` DISABLE KEYS */;
INSERT IGNORE INTO `attached_files` (`id`, `title`, `patch`) VALUES
	(1, 'imagen 1', '/images/stories/clientes/2/fc-celular.JPG'),
	(2, 'imagen', '/images/stories/clientes/1/1.jpg'),
	(3, '0', '/images/stories/clientes/1/DETALLE_PAUSAS_DE_AGENTES.pdf');
/*!40000 ALTER TABLE `attached_files` ENABLE KEYS */;

-- Volcando estructura para tabla admin_mvcontrol.categorys_lots
CREATE TABLE IF NOT EXISTS `categorys_lots` (
  `id` int(11) NOT NULL AUTO_INCREMENT,
  `name` varchar(250) NOT NULL,
  PRIMARY KEY (`id`),
  KEY `id` (`id`)
) ENGINE=InnoDB AUTO_INCREMENT=4 DEFAULT CHARSET=utf8 ROW_FORMAT=DYNAMIC;

-- Volcando datos para la tabla admin_mvcontrol.categorys_lots: ~2 rows (aproximadamente)
/*!40000 ALTER TABLE `categorys_lots` DISABLE KEYS */;
INSERT IGNORE INTO `categorys_lots` (`id`, `name`) VALUES
	(1, 'NORMAL'),
	(2, 'OPERATIVO'),
	(3, 'REPASO');
/*!40000 ALTER TABLE `categorys_lots` ENABLE KEYS */;

-- Volcando estructura para tabla admin_mvcontrol.categorys_services
CREATE TABLE IF NOT EXISTS `categorys_services` (
  `id` int(11) NOT NULL AUTO_INCREMENT,
  `name` varchar(250) NOT NULL,
  PRIMARY KEY (`id`),
  KEY `id` (`id`)
) ENGINE=InnoDB AUTO_INCREMENT=5 DEFAULT CHARSET=utf8 ROW_FORMAT=DYNAMIC;

-- Volcando datos para la tabla admin_mvcontrol.categorys_services: ~4 rows (aproximadamente)
/*!40000 ALTER TABLE `categorys_services` DISABLE KEYS */;
INSERT IGNORE INTO `categorys_services` (`id`, `name`) VALUES
	(1, 'AMBIENTALES'),
	(2, 'FORESTALES'),
	(3, 'DISEÑO DE PAISAJES'),
	(4, 'PAISAJISMO');
/*!40000 ALTER TABLE `categorys_services` ENABLE KEYS */;

-- Volcando estructura para tabla admin_mvcontrol.categorys_vehicles
CREATE TABLE IF NOT EXISTS `categorys_vehicles` (
  `id` int(11) NOT NULL AUTO_INCREMENT,
  `name` varchar(250) NOT NULL,
  PRIMARY KEY (`id`),
  KEY `id` (`id`)
) ENGINE=InnoDB AUTO_INCREMENT=8 DEFAULT CHARSET=utf8 ROW_FORMAT=DYNAMIC;

-- Volcando datos para la tabla admin_mvcontrol.categorys_vehicles: ~7 rows (aproximadamente)
/*!40000 ALTER TABLE `categorys_vehicles` DISABLE KEYS */;
INSERT IGNORE INTO `categorys_vehicles` (`id`, `name`) VALUES
	(1, 'CAMIONETA'),
	(2, 'CAMION'),
	(3, 'BUS'),
	(4, 'VOLQUETA'),
	(5, 'VAN'),
	(6, 'BUSETA'),
	(7, 'OTRO');
/*!40000 ALTER TABLE `categorys_vehicles` ENABLE KEYS */;

-- Volcando estructura para tabla admin_mvcontrol.citys
CREATE TABLE IF NOT EXISTS `citys` (
  `id` int(11) NOT NULL AUTO_INCREMENT,
  `name` varchar(255) NOT NULL DEFAULT '',
  `department` int(2) NOT NULL,
  `status` int(1) NOT NULL,
  PRIMARY KEY (`id`),
  KEY `departamento_id` (`department`),
  KEY `id` (`id`),
  CONSTRAINT `FK_citys_departments_citys` FOREIGN KEY (`department`) REFERENCES `departments_citys` (`id`) ON UPDATE CASCADE
) ENGINE=InnoDB AUTO_INCREMENT=1101 DEFAULT CHARSET=utf8mb4;

-- Volcando datos para la tabla admin_mvcontrol.citys: ~1.100 rows (aproximadamente)
/*!40000 ALTER TABLE `citys` DISABLE KEYS */;
INSERT IGNORE INTO `citys` (`id`, `name`, `department`, `status`) VALUES
	(1, 'Abriaquí', 5, 1),
	(2, 'Acacías', 50, 1),
	(3, 'Acandí', 27, 1),
	(4, 'Acevedo', 41, 1),
	(5, 'Achí', 13, 1),
	(6, 'Agrado', 41, 1),
	(7, 'Agua de Dios', 25, 1),
	(8, 'Aguachica', 20, 1),
	(9, 'Aguada', 68, 1),
	(10, 'Aguadas', 17, 1),
	(11, 'Aguazul', 85, 1),
	(12, 'Agustín Codazzi', 20, 1),
	(13, 'Aipe', 41, 1),
	(14, 'Albania', 18, 1),
	(15, 'Albania', 44, 1),
	(16, 'Albania', 68, 1),
	(17, 'Albán', 25, 1),
	(18, 'Albán (San José)', 52, 1),
	(19, 'Alcalá', 76, 1),
	(20, 'Alejandria', 5, 1),
	(21, 'Algarrobo', 47, 1),
	(22, 'Algeciras', 41, 1),
	(23, 'Almaguer', 19, 1),
	(24, 'Almeida', 15, 1),
	(25, 'Alpujarra', 73, 1),
	(26, 'Altamira', 41, 1),
	(27, 'Alto Baudó (Pie de Pato)', 27, 1),
	(28, 'Altos del Rosario', 13, 1),
	(29, 'Alvarado', 73, 1),
	(30, 'Amagá', 5, 1),
	(31, 'Amalfi', 5, 1),
	(32, 'Ambalema', 73, 1),
	(33, 'Anapoima', 25, 1),
	(34, 'Ancuya', 52, 1),
	(35, 'Andalucía', 76, 1),
	(36, 'Andes', 5, 1),
	(37, 'Angelópolis', 5, 1),
	(38, 'Angostura', 5, 1),
	(39, 'Anolaima', 25, 1),
	(40, 'Anorí', 5, 1),
	(41, 'Anserma', 17, 1),
	(42, 'Ansermanuevo', 76, 1),
	(43, 'Anzoátegui', 73, 1),
	(44, 'Anzá', 5, 1),
	(45, 'Apartadó', 5, 1),
	(46, 'Apulo', 25, 1),
	(47, 'Apía', 66, 1),
	(48, 'Aquitania', 15, 1),
	(49, 'Aracataca', 47, 1),
	(50, 'Aranzazu', 17, 1),
	(51, 'Aratoca', 68, 1),
	(52, 'Arauca', 81, 1),
	(53, 'Arauquita', 81, 1),
	(54, 'Arbeláez', 25, 1),
	(55, 'Arboleda (Berruecos)', 52, 1),
	(56, 'Arboledas', 54, 1),
	(57, 'Arboletes', 5, 1),
	(58, 'Arcabuco', 15, 1),
	(59, 'Arenal', 13, 1),
	(60, 'Argelia', 5, 1),
	(61, 'Argelia', 19, 1),
	(62, 'Argelia', 76, 1),
	(63, 'Ariguaní (El Difícil)', 47, 1),
	(64, 'Arjona', 13, 1),
	(65, 'Armenia', 5, 1),
	(66, 'Armenia', 63, 1),
	(67, 'Armero (Guayabal)', 73, 1),
	(68, 'Arroyohondo', 13, 1),
	(69, 'Astrea', 20, 1),
	(70, 'Ataco', 73, 1),
	(71, 'Atrato (Yuto)', 27, 1),
	(72, 'Ayapel', 23, 1),
	(73, 'Bagadó', 27, 1),
	(74, 'Bahía Solano (Mútis)', 27, 1),
	(75, 'Bajo Baudó (Pizarro)', 27, 1),
	(76, 'Balboa', 19, 1),
	(77, 'Balboa', 66, 1),
	(78, 'Baranoa', 8, 1),
	(79, 'Baraya', 41, 1),
	(80, 'Barbacoas', 52, 1),
	(81, 'Barbosa', 5, 1),
	(82, 'Barbosa', 68, 1),
	(83, 'Barichara', 68, 1),
	(84, 'Barranca de Upía', 50, 1),
	(85, 'Barrancabermeja', 68, 1),
	(86, 'Barrancas', 44, 1),
	(87, 'Barranco de Loba', 13, 1),
	(88, 'Barranquilla', 8, 1),
	(89, 'Becerríl', 20, 1),
	(90, 'Belalcázar', 17, 1),
	(91, 'Bello', 5, 1),
	(92, 'Belmira', 5, 1),
	(93, 'Beltrán', 25, 1),
	(94, 'Belén', 15, 1),
	(95, 'Belén', 52, 1),
	(96, 'Belén de Bajirá', 27, 1),
	(97, 'Belén de Umbría', 66, 1),
	(98, 'Belén de los Andaquíes', 18, 1),
	(99, 'Berbeo', 15, 1),
	(100, 'Betania', 5, 1),
	(101, 'Beteitiva', 15, 1),
	(102, 'Betulia', 5, 1),
	(103, 'Betulia', 68, 1),
	(104, 'Bituima', 25, 1),
	(105, 'Boavita', 15, 1),
	(106, 'Bochalema', 54, 1),
	(107, 'Bogotá D.C.', 11, 1),
	(108, 'Bojacá', 25, 1),
	(109, 'Bojayá (Bellavista)', 27, 1),
	(110, 'Bolívar', 5, 1),
	(111, 'Bolívar', 19, 1),
	(112, 'Bolívar', 68, 1),
	(113, 'Bolívar', 76, 1),
	(114, 'Bosconia', 20, 1),
	(115, 'Boyacá', 15, 1),
	(116, 'Briceño', 5, 1),
	(117, 'Briceño', 15, 1),
	(118, 'Bucaramanga', 68, 1),
	(119, 'Bucarasica', 54, 1),
	(120, 'Buenaventura', 76, 1),
	(121, 'Buenavista', 15, 1),
	(122, 'Buenavista', 23, 1),
	(123, 'Buenavista', 63, 1),
	(124, 'Buenavista', 70, 1),
	(125, 'Buenos Aires', 19, 1),
	(126, 'Buesaco', 52, 1),
	(127, 'Buga', 76, 1),
	(128, 'Bugalagrande', 76, 1),
	(129, 'Burítica', 5, 1),
	(130, 'Busbanza', 15, 1),
	(131, 'Cabrera', 25, 1),
	(132, 'Cabrera', 68, 1),
	(133, 'Cabuyaro', 50, 1),
	(134, 'Cachipay', 25, 1),
	(135, 'Caicedo', 5, 1),
	(136, 'Caicedonia', 76, 1),
	(137, 'Caimito', 70, 1),
	(138, 'Cajamarca', 73, 1),
	(139, 'Cajibío', 19, 1),
	(140, 'Cajicá', 25, 1),
	(141, 'Calamar', 13, 1),
	(142, 'Calamar', 95, 1),
	(143, 'Calarcá', 63, 1),
	(144, 'Caldas', 5, 1),
	(145, 'Caldas', 15, 1),
	(146, 'Caldono', 19, 1),
	(147, 'California', 68, 1),
	(148, 'Calima (Darién)', 76, 1),
	(149, 'Caloto', 19, 1),
	(150, 'Calí', 76, 1),
	(151, 'Campamento', 5, 1),
	(152, 'Campo de la Cruz', 8, 1),
	(153, 'Campoalegre', 41, 1),
	(154, 'Campohermoso', 15, 1),
	(155, 'Canalete', 23, 1),
	(156, 'Candelaria', 8, 1),
	(157, 'Candelaria', 76, 1),
	(158, 'Cantagallo', 13, 1),
	(159, 'Cantón de San Pablo', 27, 1),
	(160, 'Caparrapí', 25, 1),
	(161, 'Capitanejo', 68, 1),
	(162, 'Caracolí', 5, 1),
	(163, 'Caramanta', 5, 1),
	(164, 'Carcasí', 68, 1),
	(165, 'Carepa', 5, 1),
	(166, 'Carmen de Apicalá', 73, 1),
	(167, 'Carmen de Carupa', 25, 1),
	(168, 'Carmen de Viboral', 5, 1),
	(169, 'Carmen del Darién (CURBARADÓ)', 27, 1),
	(170, 'Carolina', 5, 1),
	(171, 'Cartagena', 13, 1),
	(172, 'Cartagena del Chairá', 18, 1),
	(173, 'Cartago', 76, 1),
	(174, 'Carurú', 97, 1),
	(175, 'Casabianca', 73, 1),
	(176, 'Castilla la Nueva', 50, 1),
	(177, 'Caucasia', 5, 1),
	(178, 'Cañasgordas', 5, 1),
	(179, 'Cepita', 68, 1),
	(180, 'Cereté', 23, 1),
	(181, 'Cerinza', 15, 1),
	(182, 'Cerrito', 68, 1),
	(183, 'Cerro San Antonio', 47, 1),
	(184, 'Chachaguí', 52, 1),
	(185, 'Chaguaní', 25, 1),
	(186, 'Chalán', 70, 1),
	(187, 'Chaparral', 73, 1),
	(188, 'Charalá', 68, 1),
	(189, 'Charta', 68, 1),
	(190, 'Chigorodó', 5, 1),
	(191, 'Chima', 68, 1),
	(192, 'Chimichagua', 20, 1),
	(193, 'Chimá', 23, 1),
	(194, 'Chinavita', 15, 1),
	(195, 'Chinchiná', 17, 1),
	(196, 'Chinácota', 54, 1),
	(197, 'Chinú', 23, 1),
	(198, 'Chipaque', 25, 1),
	(199, 'Chipatá', 68, 1),
	(200, 'Chiquinquirá', 15, 1),
	(201, 'Chiriguaná', 20, 1),
	(202, 'Chiscas', 15, 1),
	(203, 'Chita', 15, 1),
	(204, 'Chitagá', 54, 1),
	(205, 'Chitaraque', 15, 1),
	(206, 'Chivatá', 15, 1),
	(207, 'Chivolo', 47, 1),
	(208, 'Choachí', 25, 1),
	(209, 'Chocontá', 25, 1),
	(210, 'Chámeza', 85, 1),
	(211, 'Chía', 25, 1),
	(212, 'Chíquiza', 15, 1),
	(213, 'Chívor', 15, 1),
	(214, 'Cicuco', 13, 1),
	(215, 'Cimitarra', 68, 1),
	(216, 'Circasia', 63, 1),
	(217, 'Cisneros', 5, 1),
	(218, 'Ciénaga', 15, 1),
	(219, 'Ciénaga', 47, 1),
	(220, 'Ciénaga de Oro', 23, 1),
	(221, 'Clemencia', 13, 1),
	(222, 'Cocorná', 5, 1),
	(223, 'Coello', 73, 1),
	(224, 'Cogua', 25, 1),
	(225, 'Colombia', 41, 1),
	(226, 'Colosó (Ricaurte)', 70, 1),
	(227, 'Colón', 86, 1),
	(228, 'Colón (Génova)', 52, 1),
	(229, 'Concepción', 5, 1),
	(230, 'Concepción', 68, 1),
	(231, 'Concordia', 5, 1),
	(232, 'Concordia', 47, 1),
	(233, 'Condoto', 27, 1),
	(234, 'Confines', 68, 1),
	(235, 'Consaca', 52, 1),
	(236, 'Contadero', 52, 1),
	(237, 'Contratación', 68, 1),
	(238, 'Convención', 54, 1),
	(239, 'Copacabana', 5, 1),
	(240, 'Coper', 15, 1),
	(241, 'Cordobá', 63, 1),
	(242, 'Corinto', 19, 1),
	(243, 'Coromoro', 68, 1),
	(244, 'Corozal', 70, 1),
	(245, 'Corrales', 15, 1),
	(246, 'Cota', 25, 1),
	(247, 'Cotorra', 23, 1),
	(248, 'Covarachía', 15, 1),
	(249, 'Coveñas', 70, 1),
	(250, 'Coyaima', 73, 1),
	(251, 'Cravo Norte', 81, 1),
	(252, 'Cuaspud (Carlosama)', 52, 1),
	(253, 'Cubarral', 50, 1),
	(254, 'Cubará', 15, 1),
	(255, 'Cucaita', 15, 1),
	(256, 'Cucunubá', 25, 1),
	(257, 'Cucutilla', 54, 1),
	(258, 'Cuitiva', 15, 1),
	(259, 'Cumaral', 50, 1),
	(260, 'Cumaribo', 99, 1),
	(261, 'Cumbal', 52, 1),
	(262, 'Cumbitara', 52, 1),
	(263, 'Cunday', 73, 1),
	(264, 'Curillo', 18, 1),
	(265, 'Curití', 68, 1),
	(266, 'Curumaní', 20, 1),
	(267, 'Cáceres', 5, 1),
	(268, 'Cáchira', 54, 1),
	(269, 'Cácota', 54, 1),
	(270, 'Cáqueza', 25, 1),
	(271, 'Cértegui', 27, 1),
	(272, 'Cómbita', 15, 1),
	(273, 'Córdoba', 13, 1),
	(274, 'Córdoba', 52, 1),
	(275, 'Cúcuta', 54, 1),
	(276, 'Dabeiba', 5, 1),
	(277, 'Dagua', 76, 1),
	(278, 'Dibulla', 44, 1),
	(279, 'Distracción', 44, 1),
	(280, 'Dolores', 73, 1),
	(281, 'Don Matías', 5, 1),
	(282, 'Dos Quebradas', 66, 1),
	(283, 'Duitama', 15, 1),
	(284, 'Durania', 54, 1),
	(285, 'Ebéjico', 5, 1),
	(286, 'El Bagre', 5, 1),
	(287, 'El Banco', 47, 1),
	(288, 'El Cairo', 76, 1),
	(289, 'El Calvario', 50, 1),
	(290, 'El Carmen', 54, 1),
	(291, 'El Carmen', 68, 1),
	(292, 'El Carmen de Atrato', 27, 1),
	(293, 'El Carmen de Bolívar', 13, 1),
	(294, 'El Castillo', 50, 1),
	(295, 'El Cerrito', 76, 1),
	(296, 'El Charco', 52, 1),
	(297, 'El Cocuy', 15, 1),
	(298, 'El Colegio', 25, 1),
	(299, 'El Copey', 20, 1),
	(300, 'El Doncello', 18, 1),
	(301, 'El Dorado', 50, 1),
	(302, 'El Dovio', 76, 1),
	(303, 'El Espino', 15, 1),
	(304, 'El Guacamayo', 68, 1),
	(305, 'El Guamo', 13, 1),
	(306, 'El Molino', 44, 1),
	(307, 'El Paso', 20, 1),
	(308, 'El Paujil', 18, 1),
	(309, 'El Peñol', 52, 1),
	(310, 'El Peñon', 13, 1),
	(311, 'El Peñon', 68, 1),
	(312, 'El Peñón', 25, 1),
	(313, 'El Piñon', 47, 1),
	(314, 'El Playón', 68, 1),
	(315, 'El Retorno', 95, 1),
	(316, 'El Retén', 47, 1),
	(317, 'El Roble', 70, 1),
	(318, 'El Rosal', 25, 1),
	(319, 'El Rosario', 52, 1),
	(320, 'El Tablón de Gómez', 52, 1),
	(321, 'El Tambo', 19, 1),
	(322, 'El Tambo', 52, 1),
	(323, 'El Tarra', 54, 1),
	(324, 'El Zulia', 54, 1),
	(325, 'El Águila', 76, 1),
	(326, 'Elías', 41, 1),
	(327, 'Encino', 68, 1),
	(328, 'Enciso', 68, 1),
	(329, 'Entrerríos', 5, 1),
	(330, 'Envigado', 5, 1),
	(331, 'Espinal', 73, 1),
	(332, 'Facatativá', 25, 1),
	(333, 'Falan', 73, 1),
	(334, 'Filadelfia', 17, 1),
	(335, 'Filandia', 63, 1),
	(336, 'Firavitoba', 15, 1),
	(337, 'Flandes', 73, 1),
	(338, 'Florencia', 18, 1),
	(339, 'Florencia', 19, 1),
	(340, 'Floresta', 15, 1),
	(341, 'Florida', 76, 1),
	(342, 'Floridablanca', 68, 1),
	(343, 'Florián', 68, 1),
	(344, 'Fonseca', 44, 1),
	(345, 'Fortúl', 81, 1),
	(346, 'Fosca', 25, 1),
	(347, 'Francisco Pizarro', 52, 1),
	(348, 'Fredonia', 5, 1),
	(349, 'Fresno', 73, 1),
	(350, 'Frontino', 5, 1),
	(351, 'Fuente de Oro', 50, 1),
	(352, 'Fundación', 47, 1),
	(353, 'Funes', 52, 1),
	(354, 'Funza', 25, 1),
	(355, 'Fusagasugá', 25, 1),
	(356, 'Fómeque', 25, 1),
	(357, 'Fúquene', 25, 1),
	(358, 'Gachalá', 25, 1),
	(359, 'Gachancipá', 25, 1),
	(360, 'Gachantivá', 15, 1),
	(361, 'Gachetá', 25, 1),
	(362, 'Galapa', 8, 1),
	(363, 'Galeras (Nueva Granada)', 70, 1),
	(364, 'Galán', 68, 1),
	(365, 'Gama', 25, 1),
	(366, 'Gamarra', 20, 1),
	(367, 'Garagoa', 15, 1),
	(368, 'Garzón', 41, 1),
	(369, 'Gigante', 41, 1),
	(370, 'Ginebra', 76, 1),
	(371, 'Giraldo', 5, 1),
	(372, 'Girardot', 25, 1),
	(373, 'Girardota', 5, 1),
	(374, 'Girón', 68, 1),
	(375, 'Gonzalez', 20, 1),
	(376, 'Gramalote', 54, 1),
	(377, 'Granada', 5, 1),
	(378, 'Granada', 25, 1),
	(379, 'Granada', 50, 1),
	(380, 'Guaca', 68, 1),
	(381, 'Guacamayas', 15, 1),
	(382, 'Guacarí', 76, 1),
	(383, 'Guachavés', 52, 1),
	(384, 'Guachené', 19, 1),
	(385, 'Guachetá', 25, 1),
	(386, 'Guachucal', 52, 1),
	(387, 'Guadalupe', 5, 1),
	(388, 'Guadalupe', 41, 1),
	(389, 'Guadalupe', 68, 1),
	(390, 'Guaduas', 25, 1),
	(391, 'Guaitarilla', 52, 1),
	(392, 'Gualmatán', 52, 1),
	(393, 'Guamal', 47, 1),
	(394, 'Guamal', 50, 1),
	(395, 'Guamo', 73, 1),
	(396, 'Guapota', 68, 1),
	(397, 'Guapí', 19, 1),
	(398, 'Guaranda', 70, 1),
	(399, 'Guarne', 5, 1),
	(400, 'Guasca', 25, 1),
	(401, 'Guatapé', 5, 1),
	(402, 'Guataquí', 25, 1),
	(403, 'Guatavita', 25, 1),
	(404, 'Guateque', 15, 1),
	(405, 'Guavatá', 68, 1),
	(406, 'Guayabal de Siquima', 25, 1),
	(407, 'Guayabetal', 25, 1),
	(408, 'Guayatá', 15, 1),
	(409, 'Guepsa', 68, 1),
	(410, 'Guicán', 15, 1),
	(411, 'Gutiérrez', 25, 1),
	(412, 'Guática', 66, 1),
	(413, 'Gámbita', 68, 1),
	(414, 'Gámeza', 15, 1),
	(415, 'Génova', 63, 1),
	(416, 'Gómez Plata', 5, 1),
	(417, 'Hacarí', 54, 1),
	(418, 'Hatillo de Loba', 13, 1),
	(419, 'Hato', 68, 1),
	(420, 'Hato Corozal', 85, 1),
	(421, 'Hatonuevo', 44, 1),
	(422, 'Heliconia', 5, 1),
	(423, 'Herrán', 54, 1),
	(424, 'Herveo', 73, 1),
	(425, 'Hispania', 5, 1),
	(426, 'Hobo', 41, 1),
	(427, 'Honda', 73, 1),
	(428, 'Ibagué', 73, 1),
	(429, 'Icononzo', 73, 1),
	(430, 'Iles', 52, 1),
	(431, 'Imúes', 52, 1),
	(432, 'Inzá', 19, 1),
	(433, 'Inírida', 94, 1),
	(434, 'Ipiales', 52, 1),
	(435, 'Isnos', 41, 1),
	(436, 'Istmina', 27, 1),
	(437, 'Itagüí', 5, 1),
	(438, 'Ituango', 5, 1),
	(439, 'Izá', 15, 1),
	(440, 'Jambaló', 19, 1),
	(441, 'Jamundí', 76, 1),
	(442, 'Jardín', 5, 1),
	(443, 'Jenesano', 15, 1),
	(444, 'Jericó', 5, 1),
	(445, 'Jericó', 15, 1),
	(446, 'Jerusalén', 25, 1),
	(447, 'Jesús María', 68, 1),
	(448, 'Jordán', 68, 1),
	(449, 'Juan de Acosta', 8, 1),
	(450, 'Junín', 25, 1),
	(451, 'Juradó', 27, 1),
	(452, 'La Apartada y La Frontera', 23, 1),
	(453, 'La Argentina', 41, 1),
	(454, 'La Belleza', 68, 1),
	(455, 'La Calera', 25, 1),
	(456, 'La Capilla', 15, 1),
	(457, 'La Ceja', 5, 1),
	(458, 'La Celia', 66, 1),
	(459, 'La Cruz', 52, 1),
	(460, 'La Cumbre', 76, 1),
	(461, 'La Dorada', 17, 1),
	(462, 'La Esperanza', 54, 1),
	(463, 'La Estrella', 5, 1),
	(464, 'La Florida', 52, 1),
	(465, 'La Gloria', 20, 1),
	(466, 'La Jagua de Ibirico', 20, 1),
	(467, 'La Jagua del Pilar', 44, 1),
	(468, 'La Llanada', 52, 1),
	(469, 'La Macarena', 50, 1),
	(470, 'La Merced', 17, 1),
	(471, 'La Mesa', 25, 1),
	(472, 'La Montañita', 18, 1),
	(473, 'La Palma', 25, 1),
	(474, 'La Paz', 68, 1),
	(475, 'La Paz (Robles)', 20, 1),
	(476, 'La Peña', 25, 1),
	(477, 'La Pintada', 5, 1),
	(478, 'La Plata', 41, 1),
	(479, 'La Playa', 54, 1),
	(480, 'La Primavera', 99, 1),
	(481, 'La Salina', 85, 1),
	(482, 'La Sierra', 19, 1),
	(483, 'La Tebaida', 63, 1),
	(484, 'La Tola', 52, 1),
	(485, 'La Unión', 5, 1),
	(486, 'La Unión', 52, 1),
	(487, 'La Unión', 70, 1),
	(488, 'La Unión', 76, 1),
	(489, 'La Uvita', 15, 1),
	(490, 'La Vega', 19, 1),
	(491, 'La Vega', 25, 1),
	(492, 'La Victoria', 15, 1),
	(493, 'La Victoria', 17, 1),
	(494, 'La Victoria', 76, 1),
	(495, 'La Virginia', 66, 1),
	(496, 'Labateca', 54, 1),
	(497, 'Labranzagrande', 15, 1),
	(498, 'Landázuri', 68, 1),
	(499, 'Lebrija', 68, 1),
	(500, 'Leiva', 52, 1),
	(501, 'Lejanías', 50, 1),
	(502, 'Lenguazaque', 25, 1),
	(503, 'Leticia', 91, 1),
	(504, 'Liborina', 5, 1),
	(505, 'Linares', 52, 1),
	(506, 'Lloró', 27, 1),
	(507, 'Lorica', 23, 1),
	(508, 'Los Córdobas', 23, 1),
	(509, 'Los Palmitos', 70, 1),
	(510, 'Los Patios', 54, 1),
	(511, 'Los Santos', 68, 1),
	(512, 'Lourdes', 54, 1),
	(513, 'Luruaco', 8, 1),
	(514, 'Lérida', 73, 1),
	(515, 'Líbano', 73, 1),
	(516, 'López (Micay)', 19, 1),
	(517, 'Macanal', 15, 1),
	(518, 'Macaravita', 68, 1),
	(519, 'Maceo', 5, 1),
	(520, 'Machetá', 25, 1),
	(521, 'Madrid', 25, 1),
	(522, 'Magangué', 13, 1),
	(523, 'Magüi (Payán)', 52, 1),
	(524, 'Mahates', 13, 1),
	(525, 'Maicao', 44, 1),
	(526, 'Majagual', 70, 1),
	(527, 'Malambo', 8, 1),
	(528, 'Mallama (Piedrancha)', 52, 1),
	(529, 'Manatí', 8, 1),
	(530, 'Manaure', 44, 1),
	(531, 'Manaure Balcón del Cesar', 20, 1),
	(532, 'Manizales', 17, 1),
	(533, 'Manta', 25, 1),
	(534, 'Manzanares', 17, 1),
	(535, 'Maní', 85, 1),
	(536, 'Mapiripan', 50, 1),
	(537, 'Margarita', 13, 1),
	(538, 'Marinilla', 5, 1),
	(539, 'Maripí', 15, 1),
	(540, 'Mariquita', 73, 1),
	(541, 'Marmato', 17, 1),
	(542, 'Marquetalia', 17, 1),
	(543, 'Marsella', 66, 1),
	(544, 'Marulanda', 17, 1),
	(545, 'María la Baja', 13, 1),
	(546, 'Matanza', 68, 1),
	(547, 'Medellín', 5, 1),
	(548, 'Medina', 25, 1),
	(549, 'Medio Atrato', 27, 1),
	(550, 'Medio Baudó', 27, 1),
	(551, 'Medio San Juan (ANDAGOYA)', 27, 1),
	(552, 'Melgar', 73, 1),
	(553, 'Mercaderes', 19, 1),
	(554, 'Mesetas', 50, 1),
	(555, 'Milán', 18, 1),
	(556, 'Miraflores', 15, 1),
	(557, 'Miraflores', 95, 1),
	(558, 'Miranda', 19, 1),
	(559, 'Mistrató', 66, 1),
	(560, 'Mitú', 97, 1),
	(561, 'Mocoa', 86, 1),
	(562, 'Mogotes', 68, 1),
	(563, 'Molagavita', 68, 1),
	(564, 'Momil', 23, 1),
	(565, 'Mompós', 13, 1),
	(566, 'Mongua', 15, 1),
	(567, 'Monguí', 15, 1),
	(568, 'Moniquirá', 15, 1),
	(569, 'Montebello', 5, 1),
	(570, 'Montecristo', 13, 1),
	(571, 'Montelíbano', 23, 1),
	(572, 'Montenegro', 63, 1),
	(573, 'Monteria', 23, 1),
	(574, 'Monterrey', 85, 1),
	(575, 'Morales', 13, 1),
	(576, 'Morales', 19, 1),
	(577, 'Morelia', 18, 1),
	(578, 'Morroa', 70, 1),
	(579, 'Mosquera', 25, 1),
	(580, 'Mosquera', 52, 1),
	(581, 'Motavita', 15, 1),
	(582, 'Moñitos', 23, 1),
	(583, 'Murillo', 73, 1),
	(584, 'Murindó', 5, 1),
	(585, 'Mutatá', 5, 1),
	(586, 'Mutiscua', 54, 1),
	(587, 'Muzo', 15, 1),
	(588, 'Málaga', 68, 1),
	(589, 'Nariño', 5, 1),
	(590, 'Nariño', 25, 1),
	(591, 'Nariño', 52, 1),
	(592, 'Natagaima', 73, 1),
	(593, 'Nechí', 5, 1),
	(594, 'Necoclí', 5, 1),
	(595, 'Neira', 17, 1),
	(596, 'Neiva', 41, 1),
	(597, 'Nemocón', 25, 1),
	(598, 'Nilo', 25, 1),
	(599, 'Nimaima', 25, 1),
	(600, 'Nobsa', 15, 1),
	(601, 'Nocaima', 25, 1),
	(602, 'Norcasia', 17, 1),
	(603, 'Norosí', 13, 1),
	(604, 'Novita', 27, 1),
	(605, 'Nueva Granada', 47, 1),
	(606, 'Nuevo Colón', 15, 1),
	(607, 'Nunchía', 85, 1),
	(608, 'Nuquí', 27, 1),
	(609, 'Nátaga', 41, 1),
	(610, 'Obando', 76, 1),
	(611, 'Ocamonte', 68, 1),
	(612, 'Ocaña', 54, 1),
	(613, 'Oiba', 68, 1),
	(614, 'Oicatá', 15, 1),
	(615, 'Olaya', 5, 1),
	(616, 'Olaya Herrera', 52, 1),
	(617, 'Onzaga', 68, 1),
	(618, 'Oporapa', 41, 1),
	(619, 'Orito', 86, 1),
	(620, 'Orocué', 85, 1),
	(621, 'Ortega', 73, 1),
	(622, 'Ospina', 52, 1),
	(623, 'Otanche', 15, 1),
	(624, 'Ovejas', 70, 1),
	(625, 'Pachavita', 15, 1),
	(626, 'Pacho', 25, 1),
	(627, 'Padilla', 19, 1),
	(628, 'Paicol', 41, 1),
	(629, 'Pailitas', 20, 1),
	(630, 'Paime', 25, 1),
	(631, 'Paipa', 15, 1),
	(632, 'Pajarito', 15, 1),
	(633, 'Palermo', 41, 1),
	(634, 'Palestina', 17, 1),
	(635, 'Palestina', 41, 1),
	(636, 'Palmar', 68, 1),
	(637, 'Palmar de Varela', 8, 1),
	(638, 'Palmas del Socorro', 68, 1),
	(639, 'Palmira', 76, 1),
	(640, 'Palmito', 70, 1),
	(641, 'Palocabildo', 73, 1),
	(642, 'Pamplona', 54, 1),
	(643, 'Pamplonita', 54, 1),
	(644, 'Pandi', 25, 1),
	(645, 'Panqueba', 15, 1),
	(646, 'Paratebueno', 25, 1),
	(647, 'Pasca', 25, 1),
	(648, 'Patía (El Bordo)', 19, 1),
	(649, 'Pauna', 15, 1),
	(650, 'Paya', 15, 1),
	(651, 'Paz de Ariporo', 85, 1),
	(652, 'Paz de Río', 15, 1),
	(653, 'Pedraza', 47, 1),
	(654, 'Pelaya', 20, 1),
	(655, 'Pensilvania', 17, 1),
	(656, 'Peque', 5, 1),
	(657, 'Pereira', 66, 1),
	(658, 'Pesca', 15, 1),
	(659, 'Peñol', 5, 1),
	(660, 'Piamonte', 19, 1),
	(661, 'Pie de Cuesta', 68, 1),
	(662, 'Piedras', 73, 1),
	(663, 'Piendamó', 19, 1),
	(664, 'Pijao', 63, 1),
	(665, 'Pijiño', 47, 1),
	(666, 'Pinchote', 68, 1),
	(667, 'Pinillos', 13, 1),
	(668, 'Piojo', 8, 1),
	(669, 'Pisva', 15, 1),
	(670, 'Pital', 41, 1),
	(671, 'Pitalito', 41, 1),
	(672, 'Pivijay', 47, 1),
	(673, 'Planadas', 73, 1),
	(674, 'Planeta Rica', 23, 1),
	(675, 'Plato', 47, 1),
	(676, 'Policarpa', 52, 1),
	(677, 'Polonuevo', 8, 1),
	(678, 'Ponedera', 8, 1),
	(679, 'Popayán', 19, 1),
	(680, 'Pore', 85, 1),
	(681, 'Potosí', 52, 1),
	(682, 'Pradera', 76, 1),
	(683, 'Prado', 73, 1),
	(684, 'Providencia', 52, 1),
	(685, 'Providencia', 88, 1),
	(686, 'Pueblo Bello', 20, 1),
	(687, 'Pueblo Nuevo', 23, 1),
	(688, 'Pueblo Rico', 66, 1),
	(689, 'Pueblorrico', 5, 1),
	(690, 'Puebloviejo', 47, 1),
	(691, 'Puente Nacional', 68, 1),
	(692, 'Puerres', 52, 1),
	(693, 'Puerto Asís', 86, 1),
	(694, 'Puerto Berrío', 5, 1),
	(695, 'Puerto Boyacá', 15, 1),
	(696, 'Puerto Caicedo', 86, 1),
	(697, 'Puerto Carreño', 99, 1),
	(698, 'Puerto Colombia', 8, 1),
	(699, 'Puerto Concordia', 50, 1),
	(700, 'Puerto Escondido', 23, 1),
	(701, 'Puerto Gaitán', 50, 1),
	(702, 'Puerto Guzmán', 86, 1),
	(703, 'Puerto Leguízamo', 86, 1),
	(704, 'Puerto Libertador', 23, 1),
	(705, 'Puerto Lleras', 50, 1),
	(706, 'Puerto López', 50, 1),
	(707, 'Puerto Nare', 5, 1),
	(708, 'Puerto Nariño', 91, 1),
	(709, 'Puerto Parra', 68, 1),
	(710, 'Puerto Rico', 18, 1),
	(711, 'Puerto Rico', 50, 1),
	(712, 'Puerto Rondón', 81, 1),
	(713, 'Puerto Salgar', 25, 1),
	(714, 'Puerto Santander', 54, 1),
	(715, 'Puerto Tejada', 19, 1),
	(716, 'Puerto Triunfo', 5, 1),
	(717, 'Puerto Wilches', 68, 1),
	(718, 'Pulí', 25, 1),
	(719, 'Pupiales', 52, 1),
	(720, 'Puracé (Coconuco)', 19, 1),
	(721, 'Purificación', 73, 1),
	(722, 'Purísima', 23, 1),
	(723, 'Pácora', 17, 1),
	(724, 'Páez', 15, 1),
	(725, 'Páez (Belalcazar)', 19, 1),
	(726, 'Páramo', 68, 1),
	(727, 'Quebradanegra', 25, 1),
	(728, 'Quetame', 25, 1),
	(729, 'Quibdó', 27, 1),
	(730, 'Quimbaya', 63, 1),
	(731, 'Quinchía', 66, 1),
	(732, 'Quipama', 15, 1),
	(733, 'Quipile', 25, 1),
	(734, 'Ragonvalia', 54, 1),
	(735, 'Ramiriquí', 15, 1),
	(736, 'Recetor', 85, 1),
	(737, 'Regidor', 13, 1),
	(738, 'Remedios', 5, 1),
	(739, 'Remolino', 47, 1),
	(740, 'Repelón', 8, 1),
	(741, 'Restrepo', 50, 1),
	(742, 'Restrepo', 76, 1),
	(743, 'Retiro', 5, 1),
	(744, 'Ricaurte', 25, 1),
	(745, 'Ricaurte', 52, 1),
	(746, 'Rio Negro', 68, 1),
	(747, 'Rioblanco', 73, 1),
	(748, 'Riofrío', 76, 1),
	(749, 'Riohacha', 44, 1),
	(750, 'Risaralda', 17, 1),
	(751, 'Rivera', 41, 1),
	(752, 'Roberto Payán (San José)', 52, 1),
	(753, 'Roldanillo', 76, 1),
	(754, 'Roncesvalles', 73, 1),
	(755, 'Rondón', 15, 1),
	(756, 'Rosas', 19, 1),
	(757, 'Rovira', 73, 1),
	(758, 'Ráquira', 15, 1),
	(759, 'Río Iró', 27, 1),
	(760, 'Río Quito', 27, 1),
	(761, 'Río Sucio', 17, 1),
	(762, 'Río Viejo', 13, 1),
	(763, 'Río de oro', 20, 1),
	(764, 'Ríonegro', 5, 1),
	(765, 'Ríosucio', 27, 1),
	(766, 'Sabana de Torres', 68, 1),
	(767, 'Sabanagrande', 8, 1),
	(768, 'Sabanalarga', 5, 1),
	(769, 'Sabanalarga', 8, 1),
	(770, 'Sabanalarga', 85, 1),
	(771, 'Sabanas de San Angel (SAN ANGEL)', 47, 1),
	(772, 'Sabaneta', 5, 1),
	(773, 'Saboyá', 15, 1),
	(774, 'Sahagún', 23, 1),
	(775, 'Saladoblanco', 41, 1),
	(776, 'Salamina', 17, 1),
	(777, 'Salamina', 47, 1),
	(778, 'Salazar', 54, 1),
	(779, 'Saldaña', 73, 1),
	(780, 'Salento', 63, 1),
	(781, 'Salgar', 5, 1),
	(782, 'Samacá', 15, 1),
	(783, 'Samaniego', 52, 1),
	(784, 'Samaná', 17, 1),
	(785, 'Sampués', 70, 1),
	(786, 'San Agustín', 41, 1),
	(787, 'San Alberto', 20, 1),
	(788, 'San Andrés', 68, 1),
	(789, 'San Andrés Sotavento', 23, 1),
	(790, 'San Andrés de Cuerquía', 5, 1),
	(791, 'San Antero', 23, 1),
	(792, 'San Antonio', 73, 1),
	(793, 'San Antonio de Tequendama', 25, 1),
	(794, 'San Benito', 68, 1),
	(795, 'San Benito Abad', 70, 1),
	(796, 'San Bernardo', 25, 1),
	(797, 'San Bernardo', 52, 1),
	(798, 'San Bernardo del Viento', 23, 1),
	(799, 'San Calixto', 54, 1),
	(800, 'San Carlos', 5, 1),
	(801, 'San Carlos', 23, 1),
	(802, 'San Carlos de Guaroa', 50, 1),
	(803, 'San Cayetano', 25, 1),
	(804, 'San Cayetano', 54, 1),
	(805, 'San Cristobal', 13, 1),
	(806, 'San Diego', 20, 1),
	(807, 'San Eduardo', 15, 1),
	(808, 'San Estanislao', 13, 1),
	(809, 'San Fernando', 13, 1),
	(810, 'San Francisco', 5, 1),
	(811, 'San Francisco', 25, 1),
	(812, 'San Francisco', 86, 1),
	(813, 'San Gíl', 68, 1),
	(814, 'San Jacinto', 13, 1),
	(815, 'San Jacinto del Cauca', 13, 1),
	(816, 'San Jerónimo', 5, 1),
	(817, 'San Joaquín', 68, 1),
	(818, 'San José', 17, 1),
	(819, 'San José de Miranda', 68, 1),
	(820, 'San José de Montaña', 5, 1),
	(821, 'San José de Pare', 15, 1),
	(822, 'San José de Uré', 23, 1),
	(823, 'San José del Fragua', 18, 1),
	(824, 'San José del Guaviare', 95, 1),
	(825, 'San José del Palmar', 27, 1),
	(826, 'San Juan de Arama', 50, 1),
	(827, 'San Juan de Betulia', 70, 1),
	(828, 'San Juan de Nepomuceno', 13, 1),
	(829, 'San Juan de Pasto', 52, 1),
	(830, 'San Juan de Río Seco', 25, 1),
	(831, 'San Juan de Urabá', 5, 1),
	(832, 'San Juan del Cesar', 44, 1),
	(833, 'San Juanito', 50, 1),
	(834, 'San Lorenzo', 52, 1),
	(835, 'San Luis', 73, 1),
	(836, 'San Luís', 5, 1),
	(837, 'San Luís de Gaceno', 15, 1),
	(838, 'San Luís de Palenque', 85, 1),
	(839, 'San Marcos', 70, 1),
	(840, 'San Martín', 20, 1),
	(841, 'San Martín', 50, 1),
	(842, 'San Martín de Loba', 13, 1),
	(843, 'San Mateo', 15, 1),
	(844, 'San Miguel', 68, 1),
	(845, 'San Miguel', 86, 1),
	(846, 'San Miguel de Sema', 15, 1),
	(847, 'San Onofre', 70, 1),
	(848, 'San Pablo', 13, 1),
	(849, 'San Pablo', 52, 1),
	(850, 'San Pablo de Borbur', 15, 1),
	(851, 'San Pedro', 5, 1),
	(852, 'San Pedro', 70, 1),
	(853, 'San Pedro', 76, 1),
	(854, 'San Pedro de Cartago', 52, 1),
	(855, 'San Pedro de Urabá', 5, 1),
	(856, 'San Pelayo', 23, 1),
	(857, 'San Rafael', 5, 1),
	(858, 'San Roque', 5, 1),
	(859, 'San Sebastián', 19, 1),
	(860, 'San Sebastián de Buenavista', 47, 1),
	(861, 'San Vicente', 5, 1),
	(862, 'San Vicente del Caguán', 18, 1),
	(863, 'San Vicente del Chucurí', 68, 1),
	(864, 'San Zenón', 47, 1),
	(865, 'Sandoná', 52, 1),
	(866, 'Santa Ana', 47, 1),
	(867, 'Santa Bárbara', 5, 1),
	(868, 'Santa Bárbara', 68, 1),
	(869, 'Santa Bárbara (Iscuandé)', 52, 1),
	(870, 'Santa Bárbara de Pinto', 47, 1),
	(871, 'Santa Catalina', 13, 1),
	(872, 'Santa Fé de Antioquia', 5, 1),
	(873, 'Santa Genoveva de Docorodó', 27, 1),
	(874, 'Santa Helena del Opón', 68, 1),
	(875, 'Santa Isabel', 73, 1),
	(876, 'Santa Lucía', 8, 1),
	(877, 'Santa Marta', 47, 1),
	(878, 'Santa María', 15, 1),
	(879, 'Santa María', 41, 1),
	(880, 'Santa Rosa', 13, 1),
	(881, 'Santa Rosa', 19, 1),
	(882, 'Santa Rosa de Cabal', 66, 1),
	(883, 'Santa Rosa de Osos', 5, 1),
	(884, 'Santa Rosa de Viterbo', 15, 1),
	(885, 'Santa Rosa del Sur', 13, 1),
	(886, 'Santa Rosalía', 99, 1),
	(887, 'Santa Sofía', 15, 1),
	(888, 'Santana', 15, 1),
	(889, 'Santander de Quilichao', 19, 1),
	(890, 'Santiago', 54, 1),
	(891, 'Santiago', 86, 1),
	(892, 'Santo Domingo', 5, 1),
	(893, 'Santo Tomás', 8, 1),
	(894, 'Santuario', 5, 1),
	(895, 'Santuario', 66, 1),
	(896, 'Sapuyes', 52, 1),
	(897, 'Saravena', 81, 1),
	(898, 'Sardinata', 54, 1),
	(899, 'Sasaima', 25, 1),
	(900, 'Sativanorte', 15, 1),
	(901, 'Sativasur', 15, 1),
	(902, 'Segovia', 5, 1),
	(903, 'Sesquilé', 25, 1),
	(904, 'Sevilla', 76, 1),
	(905, 'Siachoque', 15, 1),
	(906, 'Sibaté', 25, 1),
	(907, 'Sibundoy', 86, 1),
	(908, 'Silos', 54, 1),
	(909, 'Silvania', 25, 1),
	(910, 'Silvia', 19, 1),
	(911, 'Simacota', 68, 1),
	(912, 'Simijaca', 25, 1),
	(913, 'Simití', 13, 1),
	(914, 'Sincelejo', 70, 1),
	(915, 'Sincé', 70, 1),
	(916, 'Sipí', 27, 1),
	(917, 'Sitionuevo', 47, 1),
	(918, 'Soacha', 25, 1),
	(919, 'Soatá', 15, 1),
	(920, 'Socha', 15, 1),
	(921, 'Socorro', 68, 1),
	(922, 'Socotá', 15, 1),
	(923, 'Sogamoso', 15, 1),
	(924, 'Solano', 18, 1),
	(925, 'Soledad', 8, 1),
	(926, 'Solita', 18, 1),
	(927, 'Somondoco', 15, 1),
	(928, 'Sonsón', 5, 1),
	(929, 'Sopetrán', 5, 1),
	(930, 'Soplaviento', 13, 1),
	(931, 'Sopó', 25, 1),
	(932, 'Sora', 15, 1),
	(933, 'Soracá', 15, 1),
	(934, 'Sotaquirá', 15, 1),
	(935, 'Sotara (Paispamba)', 19, 1),
	(936, 'Sotomayor (Los Andes)', 52, 1),
	(937, 'Suaita', 68, 1),
	(938, 'Suan', 8, 1),
	(939, 'Suaza', 41, 1),
	(940, 'Subachoque', 25, 1),
	(941, 'Sucre', 19, 1),
	(942, 'Sucre', 68, 1),
	(943, 'Sucre', 70, 1),
	(944, 'Suesca', 25, 1),
	(945, 'Supatá', 25, 1),
	(946, 'Supía', 17, 1),
	(947, 'Suratá', 68, 1),
	(948, 'Susa', 25, 1),
	(949, 'Susacón', 15, 1),
	(950, 'Sutamarchán', 15, 1),
	(951, 'Sutatausa', 25, 1),
	(952, 'Sutatenza', 15, 1),
	(953, 'Suárez', 19, 1),
	(954, 'Suárez', 73, 1),
	(955, 'Sácama', 85, 1),
	(956, 'Sáchica', 15, 1),
	(957, 'Tabio', 25, 1),
	(958, 'Tadó', 27, 1),
	(959, 'Talaigua Nuevo', 13, 1),
	(960, 'Tamalameque', 20, 1),
	(961, 'Tame', 81, 1),
	(962, 'Taminango', 52, 1),
	(963, 'Tangua', 52, 1),
	(964, 'Taraira', 97, 1),
	(965, 'Tarazá', 5, 1),
	(966, 'Tarqui', 41, 1),
	(967, 'Tarso', 5, 1),
	(968, 'Tasco', 15, 1),
	(969, 'Tauramena', 85, 1),
	(970, 'Tausa', 25, 1),
	(971, 'Tello', 41, 1),
	(972, 'Tena', 25, 1),
	(973, 'Tenerife', 47, 1),
	(974, 'Tenjo', 25, 1),
	(975, 'Tenza', 15, 1),
	(976, 'Teorama', 54, 1),
	(977, 'Teruel', 41, 1),
	(978, 'Tesalia', 41, 1),
	(979, 'Tibacuy', 25, 1),
	(980, 'Tibaná', 15, 1),
	(981, 'Tibasosa', 15, 1),
	(982, 'Tibirita', 25, 1),
	(983, 'Tibú', 54, 1),
	(984, 'Tierralta', 23, 1),
	(985, 'Timaná', 41, 1),
	(986, 'Timbiquí', 19, 1),
	(987, 'Timbío', 19, 1),
	(988, 'Tinjacá', 15, 1),
	(989, 'Tipacoque', 15, 1),
	(990, 'Tiquisio (Puerto Rico)', 13, 1),
	(991, 'Titiribí', 5, 1),
	(992, 'Toca', 15, 1),
	(993, 'Tocaima', 25, 1),
	(994, 'Tocancipá', 25, 1),
	(995, 'Toguí', 15, 1),
	(996, 'Toledo', 5, 1),
	(997, 'Toledo', 54, 1),
	(998, 'Tolú', 70, 1),
	(999, 'Tolú Viejo', 70, 1),
	(1000, 'Tona', 68, 1),
	(1001, 'Topagá', 15, 1),
	(1002, 'Topaipí', 25, 1),
	(1003, 'Toribío', 19, 1),
	(1004, 'Toro', 76, 1),
	(1005, 'Tota', 15, 1),
	(1006, 'Totoró', 19, 1),
	(1007, 'Trinidad', 85, 1),
	(1008, 'Trujillo', 76, 1),
	(1009, 'Tubará', 8, 1),
	(1010, 'Tuchín', 23, 1),
	(1011, 'Tulúa', 76, 1),
	(1012, 'Tumaco', 52, 1),
	(1013, 'Tunja', 15, 1),
	(1014, 'Tunungua', 15, 1),
	(1015, 'Turbaco', 13, 1),
	(1016, 'Turbaná', 13, 1),
	(1017, 'Turbo', 5, 1),
	(1018, 'Turmequé', 15, 1),
	(1019, 'Tuta', 15, 1),
	(1020, 'Tutasá', 15, 1),
	(1021, 'Támara', 85, 1),
	(1022, 'Támesis', 5, 1),
	(1023, 'Túquerres', 52, 1),
	(1024, 'Ubalá', 25, 1),
	(1025, 'Ubaque', 25, 1),
	(1026, 'Ubaté', 25, 1),
	(1027, 'Ulloa', 76, 1),
	(1028, 'Une', 25, 1),
	(1029, 'Unguía', 27, 1),
	(1030, 'Unión Panamericana (ÁNIMAS)', 27, 1),
	(1031, 'Uramita', 5, 1),
	(1032, 'Uribe', 50, 1),
	(1033, 'Uribia', 44, 1),
	(1034, 'Urrao', 5, 1),
	(1035, 'Urumita', 44, 1),
	(1036, 'Usiacuri', 8, 1),
	(1037, 'Valdivia', 5, 1),
	(1038, 'Valencia', 23, 1),
	(1039, 'Valle de San José', 68, 1),
	(1040, 'Valle de San Juan', 73, 1),
	(1041, 'Valle del Guamuez', 86, 1),
	(1042, 'Valledupar', 20, 1),
	(1043, 'Valparaiso', 5, 1),
	(1044, 'Valparaiso', 18, 1),
	(1045, 'Vegachí', 5, 1),
	(1046, 'Venadillo', 73, 1),
	(1047, 'Venecia', 5, 1),
	(1048, 'Venecia (Ospina Pérez)', 25, 1),
	(1049, 'Ventaquemada', 15, 1),
	(1050, 'Vergara', 25, 1),
	(1051, 'Versalles', 76, 1),
	(1052, 'Vetas', 68, 1),
	(1053, 'Viani', 25, 1),
	(1054, 'Vigía del Fuerte', 5, 1),
	(1055, 'Vijes', 76, 1),
	(1056, 'Villa Caro', 54, 1),
	(1057, 'Villa Rica', 19, 1),
	(1058, 'Villa de Leiva', 15, 1),
	(1059, 'Villa del Rosario', 54, 1),
	(1060, 'Villagarzón', 86, 1),
	(1061, 'Villagómez', 25, 1),
	(1062, 'Villahermosa', 73, 1),
	(1063, 'Villamaría', 17, 1),
	(1064, 'Villanueva', 13, 1),
	(1065, 'Villanueva', 44, 1),
	(1066, 'Villanueva', 68, 1),
	(1067, 'Villanueva', 85, 1),
	(1068, 'Villapinzón', 25, 1),
	(1069, 'Villarrica', 73, 1),
	(1070, 'Villavicencio', 50, 1),
	(1071, 'Villavieja', 41, 1),
	(1072, 'Villeta', 25, 1),
	(1073, 'Viotá', 25, 1),
	(1074, 'Viracachá', 15, 1),
	(1075, 'Vista Hermosa', 50, 1),
	(1076, 'Viterbo', 17, 1),
	(1077, 'Vélez', 68, 1),
	(1078, 'Yacopí', 25, 1),
	(1079, 'Yacuanquer', 52, 1),
	(1080, 'Yaguará', 41, 1),
	(1081, 'Yalí', 5, 1),
	(1082, 'Yarumal', 5, 1),
	(1083, 'Yolombó', 5, 1),
	(1084, 'Yondó (Casabe)', 5, 1),
	(1085, 'Yopal', 85, 1),
	(1086, 'Yotoco', 76, 1),
	(1087, 'Yumbo', 76, 1),
	(1088, 'Zambrano', 13, 1),
	(1089, 'Zapatoca', 68, 1),
	(1090, 'Zapayán (PUNTA DE PIEDRAS)', 47, 1),
	(1091, 'Zaragoza', 5, 1),
	(1092, 'Zarzal', 76, 1),
	(1093, 'Zetaquirá', 15, 1),
	(1094, 'Zipacón', 25, 1),
	(1095, 'Zipaquirá', 25, 1),
	(1096, 'Zona Bananera (PRADO - SEVILLA)', 47, 1),
	(1097, 'Ábrego', 54, 1),
	(1098, 'Íquira', 41, 1),
	(1099, 'Úmbita', 15, 1),
	(1100, 'Útica', 25, 1);
/*!40000 ALTER TABLE `citys` ENABLE KEYS */;

-- Volcando estructura para tabla admin_mvcontrol.clients
CREATE TABLE IF NOT EXISTS `clients` (
  `id` int(11) NOT NULL AUTO_INCREMENT,
  `client_type` int(11) NOT NULL COMMENT 'Tipo de cliente',
  `identification_type` int(11) NOT NULL COMMENT 'Tipo de identificacion',
  `identification_number` varchar(25) DEFAULT NULL COMMENT 'Numero de identificacion',
  `social_reason` varchar(100) DEFAULT NULL COMMENT 'Razon social',
  `tradename` varchar(100) DEFAULT NULL COMMENT 'Nombre comercial',
  `society_type` int(11) NOT NULL COMMENT 'Tipo de sociedad',
  `phone` varchar(20) DEFAULT NULL COMMENT 'Telefono Fijo',
  `phone_mobile` varchar(20) DEFAULT NULL COMMENT 'Telefono Movil',
  `mail` varchar(200) DEFAULT NULL COMMENT 'Correo Electronico',
  `address` varchar(100) DEFAULT NULL COMMENT 'Direccion principal',
  `department_city` int(11) NOT NULL COMMENT 'Departamento de Ciudad',
  `city` int(11) NOT NULL COMMENT 'Ciudad',
  `legal_representative` varchar(250) NOT NULL,
  `comments` text COMMENT 'Observaciones',
  PRIMARY KEY (`id`),
  KEY `id` (`id`),
  KEY `identification_number` (`identification_number`),
  KEY `society_type_id` (`society_type`),
  KEY `city_id` (`city`),
  KEY `FK_clientes_clientes` (`client_type`),
  KEY `FK_clientes_identification_types` (`identification_type`),
  KEY `FK_clients_departments_citys` (`department_city`),
  CONSTRAINT `FK_clientes_clientes` FOREIGN KEY (`client_type`) REFERENCES `client_types` (`id`) ON UPDATE CASCADE,
  CONSTRAINT `FK_clientes_identification_types` FOREIGN KEY (`identification_type`) REFERENCES `identification_types` (`id`) ON UPDATE CASCADE,
  CONSTRAINT `FK_clientes_society_types` FOREIGN KEY (`society_type`) REFERENCES `society_types` (`id`) ON UPDATE CASCADE,
  CONSTRAINT `FK_clients_citys` FOREIGN KEY (`city`) REFERENCES `citys` (`id`) ON UPDATE CASCADE,
  CONSTRAINT `FK_clients_departments_citys` FOREIGN KEY (`department_city`) REFERENCES `departments_citys` (`id`) ON UPDATE CASCADE
) ENGINE=InnoDB AUTO_INCREMENT=9 DEFAULT CHARSET=utf8;

-- Volcando datos para la tabla admin_mvcontrol.clients: ~2 rows (aproximadamente)
/*!40000 ALTER TABLE `clients` DISABLE KEYS */;
INSERT IGNORE INTO `clients` (`id`, `client_type`, `identification_type`, `identification_number`, `social_reason`, `tradename`, `society_type`, `phone`, `phone_mobile`, `mail`, `address`, `department_city`, `city`, `legal_representative`, `comments`) VALUES
	(1, 2, 2, '890905055-9', 'EMPRESAS VARIAS DE MEDELLIN E.S.P - EMVARIAS', 'EMPRESAS VARIAS DE MEDELLIN', 3, '4705000', 'TEL200', 'cliente@sincorreo.com', 'CARRERA 58 # 42 - 125', 5, 1, 'PENDIENTE', 'Estas son observaciones de un cliente de prueba'),
	(2, 2, 1, '200', 'RS200', 'NOMCOM200', 2, 'TEL200', '(NULL)', 'cliente@sincorreo.com', 'DIR200', 5, 1, 'PENDIENTE', 'OBSERVAC200'),
	(8, 1, 1, '1035429360', 'NO APLICA', 'NO APLICA', 1, '2745002', '3005473082', 'FELIPHEGOMEZ@GMAIL.COM', 'PILSEN', 5, 547, 'Andres Felipe Gomez Maya', 'COMMENTARIOS');
/*!40000 ALTER TABLE `clients` ENABLE KEYS */;

-- Volcando estructura para tabla admin_mvcontrol.client_types
CREATE TABLE IF NOT EXISTS `client_types` (
  `id` int(11) NOT NULL AUTO_INCREMENT,
  `name` varchar(250) NOT NULL,
  PRIMARY KEY (`id`),
  UNIQUE KEY `name` (`name`),
  KEY `id` (`id`)
) ENGINE=InnoDB AUTO_INCREMENT=10 DEFAULT CHARSET=utf8;

-- Volcando datos para la tabla admin_mvcontrol.client_types: ~3 rows (aproximadamente)
/*!40000 ALTER TABLE `client_types` DISABLE KEYS */;
INSERT IGNORE INTO `client_types` (`id`, `name`) VALUES
	(9, 'Empresa sector publico'),
	(5, 'Establecimiento de Comercio'),
	(2, 'Persona Jurídica'),
	(1, 'Persona Natural');
/*!40000 ALTER TABLE `client_types` ENABLE KEYS */;

-- Volcando estructura para tabla admin_mvcontrol.contacts_clients
CREATE TABLE IF NOT EXISTS `contacts_clients` (
  `id` int(11) NOT NULL AUTO_INCREMENT,
  `client` int(11) NOT NULL,
  `first_name` varchar(50) NOT NULL,
  `second_name` varchar(50) DEFAULT NULL,
  `surname` varchar(50) NOT NULL,
  `second_surname` varchar(50) DEFAULT NULL,
  `identification_number` varchar(50) NOT NULL,
  `mail` varchar(50) DEFAULT NULL,
  `number_phone` varchar(50) NOT NULL,
  `number_mobile` varchar(50) DEFAULT NULL,
  `charge` varchar(50) DEFAULT NULL,
  `area` varchar(50) DEFAULT NULL,
  `description` text,
  PRIMARY KEY (`id`),
  KEY `id` (`id`),
  KEY `FK_contacts_clients_clients` (`client`),
  CONSTRAINT `FK_contacts_clients_clients` FOREIGN KEY (`client`) REFERENCES `clients` (`id`) ON UPDATE CASCADE
) ENGINE=InnoDB AUTO_INCREMENT=19 DEFAULT CHARSET=utf8 ROW_FORMAT=DYNAMIC;

-- Volcando datos para la tabla admin_mvcontrol.contacts_clients: ~3 rows (aproximadamente)
/*!40000 ALTER TABLE `contacts_clients` DISABLE KEYS */;
INSERT IGNORE INTO `contacts_clients` (`id`, `client`, `first_name`, `second_name`, `surname`, `second_surname`, `identification_number`, `mail`, `number_phone`, `number_mobile`, `charge`, `area`, `description`) VALUES
	(2, 8, 'Andres', 'Felipe', 'Gomez', 'Maya', '1035429350', 'cliente@sincorreo.com', '1113', '1234567', '1234567890', 'area', 'Descripcion de pruebas'),
	(16, 1, 'JORGE', 'MARIO', 'RAMIREZ', NULL, '1', 'JORGE.RAMIREZ@emvarias.com.co', '4705000', '3006186529', 'COORDINADOR', 'OPERACIONES', NULL),
	(17, 1, 'JUAN', 'DAVID', 'CALLE', NULL, '2', 'juan.interventoriaevm@gmail.com', '4705000', '3165277489', 'DIRECTOR', 'INTERVENTORIA', NULL);
/*!40000 ALTER TABLE `contacts_clients` ENABLE KEYS */;

-- Volcando estructura para tabla admin_mvcontrol.departments_citys
CREATE TABLE IF NOT EXISTS `departments_citys` (
  `id` int(11) NOT NULL AUTO_INCREMENT,
  `name` varchar(255) NOT NULL DEFAULT '',
  PRIMARY KEY (`id`),
  KEY `id` (`id`)
) ENGINE=InnoDB AUTO_INCREMENT=100 DEFAULT CHARSET=utf8mb4;

-- Volcando datos para la tabla admin_mvcontrol.departments_citys: ~33 rows (aproximadamente)
/*!40000 ALTER TABLE `departments_citys` DISABLE KEYS */;
INSERT IGNORE INTO `departments_citys` (`id`, `name`) VALUES
	(5, 'ANTIOQUIA'),
	(8, 'ATLÁNTICO'),
	(11, 'BOGOTÁ, D.C.'),
	(13, 'BOLÍVAR'),
	(15, 'BOYACÁ'),
	(17, 'CALDAS'),
	(18, 'CAQUETÁ'),
	(19, 'CAUCA'),
	(20, 'CESAR'),
	(23, 'CÓRDOBA'),
	(25, 'CUNDINAMARCA'),
	(27, 'CHOCÓ'),
	(41, 'HUILA'),
	(44, 'LA GUAJIRA'),
	(47, 'MAGDALENA'),
	(50, 'META'),
	(52, 'NARIÑO'),
	(54, 'NORTE DE SANTANDER'),
	(63, 'QUINDIO'),
	(66, 'RISARALDA'),
	(68, 'SANTANDER'),
	(70, 'SUCRE'),
	(73, 'TOLIMA'),
	(76, 'VALLE DEL CAUCA'),
	(81, 'ARAUCA'),
	(85, 'CASANARE'),
	(86, 'PUTUMAYO'),
	(88, 'ARCHIPIÉLAGO DE SAN ANDRÉS, PROVIDENCIA Y SANTA CATALINA'),
	(91, 'AMAZONAS'),
	(94, 'GUAINÍA'),
	(95, 'GUAVIARE'),
	(97, 'VAUPÉS'),
	(99, 'VICHADA');
/*!40000 ALTER TABLE `departments_citys` ENABLE KEYS */;

-- Volcando estructura para tabla admin_mvcontrol.employee_charges
CREATE TABLE IF NOT EXISTS `employee_charges` (
  `id` int(11) NOT NULL AUTO_INCREMENT,
  `name` varchar(250) NOT NULL,
  PRIMARY KEY (`id`),
  KEY `id` (`id`)
) ENGINE=InnoDB AUTO_INCREMENT=13 DEFAULT CHARSET=utf8 ROW_FORMAT=DYNAMIC;

-- Volcando datos para la tabla admin_mvcontrol.employee_charges: ~11 rows (aproximadamente)
/*!40000 ALTER TABLE `employee_charges` DISABLE KEYS */;
INSERT IGNORE INTO `employee_charges` (`id`, `name`) VALUES
	(1, 'GERENTE'),
	(2, 'DIRECTOR OPERATIVO'),
	(3, 'COORDINADOR'),
	(4, 'OPERARIO'),
	(5, 'DIRECTOR ADMINISTRATIVO'),
	(6, 'LIDER DE CUADRILLA'),
	(7, 'MAQUINISTA'),
	(8, 'AUXILIAR OPERATIVO'),
	(9, 'PODADOR'),
	(10, 'MANILERO'),
	(11, 'CONDUCTOR'),
	(12, 'ADMINISTRATIVO');
/*!40000 ALTER TABLE `employee_charges` ENABLE KEYS */;

-- Volcando estructura para tabla admin_mvcontrol.employee_tasks
CREATE TABLE IF NOT EXISTS `employee_tasks` (
  `id` int(11) NOT NULL AUTO_INCREMENT,
  `name` varchar(250) NOT NULL,
  PRIMARY KEY (`id`),
  KEY `id` (`id`)
) ENGINE=InnoDB AUTO_INCREMENT=4 DEFAULT CHARSET=utf8 ROW_FORMAT=DYNAMIC;

-- Volcando datos para la tabla admin_mvcontrol.employee_tasks: ~2 rows (aproximadamente)
/*!40000 ALTER TABLE `employee_tasks` DISABLE KEYS */;
INSERT IGNORE INTO `employee_tasks` (`id`, `name`) VALUES
	(1, 'ROCERIA'),
	(2, 'TALA'),
	(3, 'PODA');
/*!40000 ALTER TABLE `employee_tasks` ENABLE KEYS */;

-- Volcando estructura para tabla admin_mvcontrol.environmental_authorities
CREATE TABLE IF NOT EXISTS `environmental_authorities` (
  `id` int(11) NOT NULL AUTO_INCREMENT,
  `name` varchar(250) NOT NULL,
  PRIMARY KEY (`id`),
  KEY `id` (`id`)
) ENGINE=InnoDB AUTO_INCREMENT=3 DEFAULT CHARSET=utf8 ROW_FORMAT=DYNAMIC;

-- Volcando datos para la tabla admin_mvcontrol.environmental_authorities: ~2 rows (aproximadamente)
/*!40000 ALTER TABLE `environmental_authorities` DISABLE KEYS */;
INSERT IGNORE INTO `environmental_authorities` (`id`, `name`) VALUES
	(1, 'AREA METROPOLITANA'),
	(2, 'CORANTIOQUIA');
/*!40000 ALTER TABLE `environmental_authorities` ENABLE KEYS */;

-- Volcando estructura para tabla admin_mvcontrol.eps
CREATE TABLE IF NOT EXISTS `eps` (
  `id` int(11) NOT NULL AUTO_INCREMENT,
  `code` varchar(50) NOT NULL DEFAULT '',
  `name` varchar(255) NOT NULL DEFAULT '',
  PRIMARY KEY (`id`),
  UNIQUE KEY `code` (`code`),
  KEY `id` (`id`),
  KEY `code_key` (`code`)
) ENGINE=InnoDB AUTO_INCREMENT=7 DEFAULT CHARSET=utf8mb4 ROW_FORMAT=DYNAMIC;

-- Volcando datos para la tabla admin_mvcontrol.eps: ~5 rows (aproximadamente)
/*!40000 ALTER TABLE `eps` DISABLE KEYS */;
INSERT IGNORE INTO `eps` (`id`, `code`, `name`) VALUES
	(1, 'EPS005', 'SSS E.P.S. SANITAS S.A.'),
	(2, 'EPS016', 'SSS COOMEVA EPS S.A'),
	(3, 'EPS002', 'SSS SALUD TOTAL S.A. EPS ARS'),
	(4, 'EPS010', 'SSS COMPAÑIA SURAMERICANA DE SERVICIOS DE SALUD S.A. SUSALUD'),
	(5, 'EPS037', 'NUEVA EPS'),
	(6, 'EPS044', 'MEDIMAS EPS');
/*!40000 ALTER TABLE `eps` ENABLE KEYS */;

-- Volcando estructura para tabla admin_mvcontrol.fortnights
CREATE TABLE IF NOT EXISTS `fortnights` (
  `id` int(11) NOT NULL AUTO_INCREMENT,
  `name` varchar(250) NOT NULL,
  PRIMARY KEY (`id`),
  KEY `id` (`id`)
) ENGINE=InnoDB AUTO_INCREMENT=4 DEFAULT CHARSET=utf8 ROW_FORMAT=DYNAMIC;

-- Volcando datos para la tabla admin_mvcontrol.fortnights: ~2 rows (aproximadamente)
/*!40000 ALTER TABLE `fortnights` DISABLE KEYS */;
INSERT IGNORE INTO `fortnights` (`id`, `name`) VALUES
	(1, 'PRIMERA'),
	(2, 'SEGUNDA'),
	(3, 'REPASO (1RA Y 2DA)');
/*!40000 ALTER TABLE `fortnights` ENABLE KEYS */;

-- Volcando estructura para tabla admin_mvcontrol.identification_types
CREATE TABLE IF NOT EXISTS `identification_types` (
  `id` int(11) NOT NULL AUTO_INCREMENT,
  `name` varchar(250) NOT NULL,
  PRIMARY KEY (`id`),
  UNIQUE KEY `name` (`name`),
  KEY `id` (`id`)
) ENGINE=InnoDB AUTO_INCREMENT=4 DEFAULT CHARSET=utf8;

-- Volcando datos para la tabla admin_mvcontrol.identification_types: ~3 rows (aproximadamente)
/*!40000 ALTER TABLE `identification_types` DISABLE KEYS */;
INSERT IGNORE INTO `identification_types` (`id`, `name`) VALUES
	(1, 'Cedula'),
	(2, 'NIT'),
	(3, 'Pasaporte');
/*!40000 ALTER TABLE `identification_types` ENABLE KEYS */;

-- Volcando estructura para tabla admin_mvcontrol.lots
CREATE TABLE IF NOT EXISTS `lots` (
  `id` int(11) NOT NULL AUTO_INCREMENT,
  `code` varchar(50) NOT NULL,
  `name` varchar(255) NOT NULL,
  `category` int(11) NOT NULL,
  `zone` int(11) NOT NULL,
  `area` text,
  `payment_type` int(11) NOT NULL,
  `address` text NOT NULL,
  `fortnight` int(11) NOT NULL,
  `latitude` text,
  `longitude` text,
  `description` text,
  `status_registration` int(11) NOT NULL,
  PRIMARY KEY (`id`),
  UNIQUE KEY `code` (`code`),
  KEY `id` (`id`),
  KEY `code_key` (`code`),
  KEY `FK_lots_categorys_lots` (`category`),
  KEY `FK_lots_fortnights` (`fortnight`),
  KEY `FK_lots_payments_types` (`payment_type`),
  KEY `FK_lots_zones` (`zone`),
  KEY `FK_lots_status_registrations` (`status_registration`),
  CONSTRAINT `FK_lots_categorys_lots` FOREIGN KEY (`category`) REFERENCES `categorys_lots` (`id`) ON UPDATE CASCADE,
  CONSTRAINT `FK_lots_fortnights` FOREIGN KEY (`fortnight`) REFERENCES `fortnights` (`id`) ON UPDATE CASCADE,
  CONSTRAINT `FK_lots_payments_types` FOREIGN KEY (`payment_type`) REFERENCES `payments_types` (`id`) ON UPDATE CASCADE,
  CONSTRAINT `FK_lots_status_registrations` FOREIGN KEY (`status_registration`) REFERENCES `status_registrations` (`id`) ON UPDATE CASCADE,
  CONSTRAINT `FK_lots_zones` FOREIGN KEY (`zone`) REFERENCES `zones` (`id`) ON UPDATE CASCADE
) ENGINE=InnoDB AUTO_INCREMENT=2 DEFAULT CHARSET=utf8mb4 ROW_FORMAT=DYNAMIC;

-- Volcando datos para la tabla admin_mvcontrol.lots: ~1 rows (aproximadamente)
/*!40000 ALTER TABLE `lots` DISABLE KEYS */;
INSERT IGNORE INTO `lots` (`id`, `code`, `name`, `category`, `zone`, `area`, `payment_type`, `address`, `fortnight`, `latitude`, `longitude`, `description`, `status_registration`) VALUES
	(1, 'Z1CC0001FM2', 'Curva del Diablo y ambos lados de la vía, desde el puente El Mico (incluyendo los parques infantiles', 1, 1, '21.858', 2, 'Carrera 64, Caribe, Comuna 5 - Castilla, Zona Urbana Medellín, Medellín, Valle de Aburrá, Antioquia, 0500, Colombia', 1, '6.2773228', '-75.5722455', '', 1);
/*!40000 ALTER TABLE `lots` ENABLE KEYS */;

-- Volcando estructura para tabla admin_mvcontrol.novelty_types
CREATE TABLE IF NOT EXISTS `novelty_types` (
  `id` int(11) NOT NULL AUTO_INCREMENT,
  `name` varchar(250) NOT NULL,
  PRIMARY KEY (`id`),
  KEY `id` (`id`)
) ENGINE=InnoDB AUTO_INCREMENT=4 DEFAULT CHARSET=utf8 ROW_FORMAT=DYNAMIC;

-- Volcando datos para la tabla admin_mvcontrol.novelty_types: ~3 rows (aproximadamente)
/*!40000 ALTER TABLE `novelty_types` DISABLE KEYS */;
INSERT IGNORE INTO `novelty_types` (`id`, `name`) VALUES
	(1, 'CALIDAD SERVICIO'),
	(2, 'PERSONAL INTERNO'),
	(3, 'PERSONAL EXTERNO');
/*!40000 ALTER TABLE `novelty_types` ENABLE KEYS */;

-- Volcando estructura para tabla admin_mvcontrol.payments_types
CREATE TABLE IF NOT EXISTS `payments_types` (
  `id` int(11) NOT NULL AUTO_INCREMENT,
  `name` varchar(250) NOT NULL,
  `title` varchar(250) NOT NULL,
  PRIMARY KEY (`id`),
  KEY `id` (`id`)
) ENGINE=InnoDB AUTO_INCREMENT=4 DEFAULT CHARSET=utf8 ROW_FORMAT=DYNAMIC;

-- Volcando datos para la tabla admin_mvcontrol.payments_types: ~2 rows (aproximadamente)
/*!40000 ALTER TABLE `payments_types` DISABLE KEYS */;
INSERT IGNORE INTO `payments_types` (`id`, `name`, `title`) VALUES
	(1, 'M', 'Metro'),
	(2, 'M2', 'Metro cuadrado'),
	(3, 'M3', 'Metro cubico');
/*!40000 ALTER TABLE `payments_types` ENABLE KEYS */;

-- Volcando estructura para tabla admin_mvcontrol.permissions
CREATE TABLE IF NOT EXISTS `permissions` (
  `id` int(11) NOT NULL AUTO_INCREMENT,
  `name` varchar(50) NOT NULL,
  `permissions` varchar(50) NOT NULL,
  PRIMARY KEY (`id`),
  KEY `id` (`id`)
) ENGINE=InnoDB AUTO_INCREMENT=2 DEFAULT CHARSET=utf8 COMMENT='Tabla para permisos / Roles';

-- Volcando datos para la tabla admin_mvcontrol.permissions: ~0 rows (aproximadamente)
/*!40000 ALTER TABLE `permissions` DISABLE KEYS */;
INSERT IGNORE INTO `permissions` (`id`, `name`, `permissions`) VALUES
	(1, 'Ninguno', '{}');
/*!40000 ALTER TABLE `permissions` ENABLE KEYS */;

-- Volcando estructura para tabla admin_mvcontrol.persons
CREATE TABLE IF NOT EXISTS `persons` (
  `id` int(11) NOT NULL AUTO_INCREMENT,
  `first_name` varchar(50) NOT NULL,
  `second_name` varchar(50) DEFAULT NULL,
  `surname` varchar(50) NOT NULL,
  `second_surname` varchar(50) DEFAULT NULL,
  `identification_type` int(11) NOT NULL DEFAULT '0',
  `identification_number` varchar(50) NOT NULL,
  `identification_date_expedition` date NOT NULL,
  `birthdate` date NOT NULL,
  `blood_type` int(11) NOT NULL,
  `blood_rh` int(11) NOT NULL,
  `mail` varchar(50) DEFAULT NULL,
  `number_phone` varchar(50) NOT NULL,
  `number_mobile` varchar(50) DEFAULT NULL,
  `company_date_entry` date DEFAULT NULL,
  `company_date_out` date DEFAULT NULL,
  `company_mail` varchar(50) DEFAULT NULL,
  `company_number_phone` varchar(50) DEFAULT NULL,
  `company_number_mobile` varchar(50) DEFAULT NULL,
  `avatar` int(11) DEFAULT NULL,
  `status` int(11) NOT NULL,
  `eps` int(11) NOT NULL,
  `arl` int(11) NOT NULL,
  `pension_fund` int(11) NOT NULL,
  `compensation_fund` int(11) NOT NULL,
  `severance_fund` int(11) NOT NULL,
  `observations` text,
  PRIMARY KEY (`id`),
  KEY `id` (`id`),
  KEY `FK_persons_identification_types` (`identification_type`),
  KEY `FK_persons_eps` (`eps`),
  KEY `FK_persons_arl` (`arl`),
  CONSTRAINT `FK_persons_arl` FOREIGN KEY (`arl`) REFERENCES `arl` (`id`) ON UPDATE CASCADE,
  CONSTRAINT `FK_persons_eps` FOREIGN KEY (`eps`) REFERENCES `eps` (`id`) ON UPDATE CASCADE,
  CONSTRAINT `FK_persons_identification_types` FOREIGN KEY (`identification_type`) REFERENCES `identification_types` (`id`) ON UPDATE CASCADE
) ENGINE=InnoDB AUTO_INCREMENT=2 DEFAULT CHARSET=utf8;

-- Volcando datos para la tabla admin_mvcontrol.persons: ~0 rows (aproximadamente)
/*!40000 ALTER TABLE `persons` DISABLE KEYS */;
INSERT IGNORE INTO `persons` (`id`, `first_name`, `second_name`, `surname`, `second_surname`, `identification_type`, `identification_number`, `identification_date_expedition`, `birthdate`, `blood_type`, `blood_rh`, `mail`, `number_phone`, `number_mobile`, `company_date_entry`, `company_date_out`, `company_mail`, `company_number_phone`, `company_number_mobile`, `avatar`, `status`, `eps`, `arl`, `pension_fund`, `compensation_fund`, `severance_fund`, `observations`) VALUES
	(1, 'Andres', 'Felipe', 'Gomez', 'Maya', 1, '1035429360', '2011-02-11', '2018-11-25', 1, 1, 'feliphegomez@gmail.com', '2745002', '3005473082', '2018-11-25', NULL, 'soporte@mv.com', NULL, NULL, 0, 1, 1, 1, 1, 1, 1, NULL);
/*!40000 ALTER TABLE `persons` ENABLE KEYS */;

-- Volcando estructura para tabla admin_mvcontrol.services
CREATE TABLE IF NOT EXISTS `services` (
  `id` int(11) NOT NULL AUTO_INCREMENT,
  `name` varchar(250) NOT NULL,
  `payment_type` int(11) NOT NULL,
  `description` text NOT NULL,
  `price` text NOT NULL,
  PRIMARY KEY (`id`),
  UNIQUE KEY `name` (`name`),
  KEY `id` (`id`),
  KEY `FK_services_payments_types` (`payment_type`),
  CONSTRAINT `FK_services_payments_types` FOREIGN KEY (`payment_type`) REFERENCES `payments_types` (`id`)
) ENGINE=InnoDB AUTO_INCREMENT=3 DEFAULT CHARSET=utf8;

-- Volcando datos para la tabla admin_mvcontrol.services: ~2 rows (aproximadamente)
/*!40000 ALTER TABLE `services` DISABLE KEYS */;
INSERT IGNORE INTO `services` (`id`, `name`, `payment_type`, `description`, `price`) VALUES
	(1, 'Servicio # 1', 1, 'Descripcion del servicio # 1', '125000'),
	(2, 'servicio21', 1, 'o21', '123');
/*!40000 ALTER TABLE `services` ENABLE KEYS */;

-- Volcando estructura para tabla admin_mvcontrol.society_types
CREATE TABLE IF NOT EXISTS `society_types` (
  `id` int(11) NOT NULL AUTO_INCREMENT,
  `name` varchar(250) NOT NULL,
  `description` text,
  PRIMARY KEY (`id`),
  UNIQUE KEY `name` (`name`),
  KEY `id` (`id`)
) ENGINE=InnoDB AUTO_INCREMENT=12 DEFAULT CHARSET=utf8;

-- Volcando datos para la tabla admin_mvcontrol.society_types: ~11 rows (aproximadamente)
/*!40000 ALTER TABLE `society_types` DISABLE KEYS */;
INSERT IGNORE INTO `society_types` (`id`, `name`, `description`) VALUES
	(1, 'Ninguna', 'Selecciona una categoria'),
	(2, 'Persona natural comerciante', 'Un comerciante es aquella persona que ejerce de manera habitual y profesional alguna de las actividades que la ley considera como mercantiles. Así, la persona natural responderá ante las obligaciones que se deriven del desarrollo de su negocio con todo su patrimonio, tanto personal como familiar. Para constituirse, la persona debe inscribirse en el Registro Único Tributario (RUT) y, posteriormente, efectuar su inscripción en la matrícula mercantil de la Cámara de Comercio correspondiente presentando los formularios del Registro Único Empresarial (RUE), del Registro adicional con otras entidades y el de inscripción en el RUT.'),
	(3, 'Empresa unipersonal', 'La empresa unipersonal tiene personalidad jurídica independiente de quien la crea. Se fundamenta en que la persona natural o jurídica destina una parte de sus activos para el desempeño de la actividad empresarial. Se constituye mediante escritura o documento privado ante la Cámara de Comercio o Notario.\r\n\r\nEl documento de constitución debe contener el nombre, documento de identidad, domicilio del empresario, razón social de la empresa, domicilio de la empresa, término de duración (si este no fuera indefinido), enunciación clara y completa de las actividades principales, monto de capital, forma de administración y número de cuotas de igual valor nominal en que se dividirá el capital de la empresa.'),
	(4, 'Sociedades por Acciones Simplificadas (S.A.S)', 'Es un tipo societario que vio la luz con la Ley 1258 del 5 de diciembre de 2008 y que reúne todas las cualidades para convertirse en el modelo de constitución que se impondrá en los próximos años. Las Sociedades por Acciones Simplificadas no exigen un número mínimo de accionistas y, de hecho, permiten la unipersonalidad. Además, se constituyen por documento privado que ha de registrarse en la Cámara de Comercio.\r\n\r\nSu simplicidad se da tanto en el momento de su constitución, como en su funcionamiento, no estando obligadas a especificar el objeto social. Tampoco se les exige crear una junta directiva ni la revisoría fiscal. La responsabilidad se limitará a la aportación de cada accionista.'),
	(5, 'Sociedad Colectiva', 'Se constituye mediante escritura pública entre dos o más socios, los cuales responderán solidaria, ilimitada y subsidiariamente de sus obligaciones. Por sus características especiales, en la sociedad colectiva es fundamental que haya confianza entre los socios. La administración de la sociedad puede recaer en los propios socios o, incluso, delegarla en terceros. La ley no fija un mínimo ni máximo del capital a aportar en el momento de su constitución.\r\n\r\nHay que destacar que la razón social se forma con el nombre de uno de los socios seguido de las expresiones “y compañía”, “hermanos” o “e hijos”.'),
	(6, 'Sociedad Anónima (S.A.)', 'Es el esquema más utilizado por las medianas y grandes empresas. Se constituye mediante escritura pública entre cinco o más accionistas, quienes responden únicamente por el montante de sus aportaciones. El capital estará representado en acciones de igual valor. En el momento de la constitución se debe indicar el capital autorizado, suscrito (nunca menor del 50% del capital autorizado) y pagado (nunca menor del 33% del capital suscrito)'),
	(7, 'Sociedad de Responsabilidad Limitada (Ltda.)', 'Este tipo de sociedad se constituye en escritura pública entre, como mínimo, dos socios y, como máximo, 25, quienes responden según sus aportaciones. En algunos casos, de acuerdo a los artículos 354, 355 y 357 del Código de Comercio, la responsabilidad de los integrantes será solidaria e ilimitada. Esto ocurrirá, por ejemplo, si no se incluye en la razón social la palabra “limitada” o su abreviación “Ltda”.'),
	(8, 'Sociedad en Comandita Simple (S. en C.)', 'Se constituye mediante escritura pública entre uno o más socios gestores y uno o más socios comanditarios o capitalistas. Los socios gestores responderán solidaria, ilimitada y directamente por las operaciones, mientras que los capitalistas, en relación a sus aportaciones. Así, los socios gestores se encargarán de la administración de la sociedad y el desarrollo de los negocios y los socios comanditarios serán quienes aporten el capital.'),
	(9, 'Sociedad en Comandita por Acciones (S.C.A.)', 'Se constituye mediante escritura pública entre uno o más socios gestores y, al menos, cinco socios comanditarios o capitalistas. La responsabilidad de los socios es igual que en la Sociedad en Comandita Simple. El capital se representa en acciones de igual valor, que son títulos negociables aportados por los socios capitalistas y, también, por los gestores'),
	(10, 'Empresa Asociativa de Trabajo (E.A.T.)', 'Se trata de una organización económica productiva para cuya puesta en marcha los socios aportan su capacidad laboral e, incluso, algunos, otros conocimientos necesarios para la consecución de los objetivos empresariales. Una compañía de este tipo debe contar con, como mínimo, tres asociados y, máximo, 10, en el caso de que su objetivo social sea la producción de bienes; si es una prestación de servicios, el máximo será 20'),
	(11, 'Sociedades Agrarias de Transformación (S.A.T)', 'Su razón social deberá indicar exclusivamente lo siguiente: “Desarrollar actividades de postcosecha y comercialización de productos perecederos de origen agropecuario y la prestación de servicios comunes que sirvan a su finalidad”. Para ser socio, la persona natural deberá ser titular de una explotación agraria, ya sea como propietario, poseedor, tenedor o arrendatario, pero su contrato de explotación no podrá ser inferior a cinco años. También podrá ostentar la condición de socio aquellas personas jurídicas dedicadas a la comercialización de productos perecederos.');
/*!40000 ALTER TABLE `society_types` ENABLE KEYS */;

-- Volcando estructura para tabla admin_mvcontrol.status_registrations
CREATE TABLE IF NOT EXISTS `status_registrations` (
  `id` int(11) NOT NULL AUTO_INCREMENT,
  `name` varchar(250) NOT NULL,
  PRIMARY KEY (`id`),
  KEY `id` (`id`)
) ENGINE=InnoDB AUTO_INCREMENT=3 DEFAULT CHARSET=utf8 ROW_FORMAT=DYNAMIC;

-- Volcando datos para la tabla admin_mvcontrol.status_registrations: ~2 rows (aproximadamente)
/*!40000 ALTER TABLE `status_registrations` DISABLE KEYS */;
INSERT IGNORE INTO `status_registrations` (`id`, `name`) VALUES
	(1, 'ACTIVO'),
	(2, 'INACTIVO');
/*!40000 ALTER TABLE `status_registrations` ENABLE KEYS */;

-- Volcando estructura para tabla admin_mvcontrol.status_services
CREATE TABLE IF NOT EXISTS `status_services` (
  `id` int(11) NOT NULL AUTO_INCREMENT,
  `name` varchar(255) NOT NULL DEFAULT '',
  `color` varchar(50) NOT NULL DEFAULT '',
  PRIMARY KEY (`id`),
  UNIQUE KEY `code` (`color`),
  KEY `id` (`id`),
  KEY `code_key` (`color`)
) ENGINE=InnoDB AUTO_INCREMENT=7 DEFAULT CHARSET=utf8mb4 ROW_FORMAT=DYNAMIC;

-- Volcando datos para la tabla admin_mvcontrol.status_services: ~6 rows (aproximadamente)
/*!40000 ALTER TABLE `status_services` DISABLE KEYS */;
INSERT IGNORE INTO `status_services` (`id`, `name`, `color`) VALUES
	(1, 'APROBADO', '#1eba1c'),
	(2, 'DESAPROBADO', '#156fd3'),
	(3, 'PENDIENTE', '#aeaeae'),
	(4, 'PROGRAMADO', '#cd1313'),
	(5, 'EJECUTADO', '#fffe5e'),
	(6, 'CANCELADO', '#000000');
/*!40000 ALTER TABLE `status_services` ENABLE KEYS */;

-- Volcando estructura para tabla admin_mvcontrol.users
CREATE TABLE IF NOT EXISTS `users` (
  `id` int(11) NOT NULL AUTO_INCREMENT,
  `username` varchar(50) NOT NULL,
  `hash` text NOT NULL,
  `permission_id` int(11) NOT NULL DEFAULT '0',
  `profile_id` int(11) NOT NULL DEFAULT '0',
  `create` timestamp NOT NULL DEFAULT CURRENT_TIMESTAMP,
  `create_by` int(11) NOT NULL,
  `change` timestamp NOT NULL DEFAULT CURRENT_TIMESTAMP ON UPDATE CURRENT_TIMESTAMP,
  `change_by` int(11) NOT NULL,
  `delete` timestamp NULL DEFAULT NULL,
  `delete_by` int(11) DEFAULT NULL,
  PRIMARY KEY (`id`),
  KEY `username` (`username`),
  KEY `role_id` (`permission_id`),
  KEY `id` (`id`),
  KEY `profile_id` (`profile_id`),
  CONSTRAINT `FK_users_profiles` FOREIGN KEY (`profile_id`) REFERENCES `persons` (`id`) ON UPDATE CASCADE,
  CONSTRAINT `FK_users_rols` FOREIGN KEY (`permission_id`) REFERENCES `permissions` (`id`) ON UPDATE CASCADE
) ENGINE=InnoDB AUTO_INCREMENT=3 DEFAULT CHARSET=utf8 COMMENT='Tabla para los usuarios / LogIn';

-- Volcando datos para la tabla admin_mvcontrol.users: ~2 rows (aproximadamente)
/*!40000 ALTER TABLE `users` DISABLE KEYS */;
INSERT IGNORE INTO `users` (`id`, `username`, `hash`, `permission_id`, `profile_id`, `create`, `create_by`, `change`, `change_by`, `delete`, `delete_by`) VALUES
	(1, 'myuser', '1234', 1, 1, '2018-11-25 21:59:42', 0, '2018-11-25 22:00:35', 1, NULL, NULL),
	(2, 'fg', '1035429360', 1, 1, '2018-11-25 22:01:18', 1, '2018-11-25 22:01:30', 1, NULL, NULL);
/*!40000 ALTER TABLE `users` ENABLE KEYS */;

-- Volcando estructura para tabla admin_mvcontrol.zones
CREATE TABLE IF NOT EXISTS `zones` (
  `id` int(11) NOT NULL AUTO_INCREMENT,
  `name` varchar(250) NOT NULL,
  PRIMARY KEY (`id`),
  KEY `id` (`id`)
) ENGINE=InnoDB AUTO_INCREMENT=3 DEFAULT CHARSET=utf8 ROW_FORMAT=DYNAMIC;

-- Volcando datos para la tabla admin_mvcontrol.zones: ~2 rows (aproximadamente)
/*!40000 ALTER TABLE `zones` DISABLE KEYS */;
INSERT IGNORE INTO `zones` (`id`, `name`) VALUES
	(1, 'NORTE'),
	(2, 'SUR');
/*!40000 ALTER TABLE `zones` ENABLE KEYS */;

/*!40101 SET SQL_MODE=IFNULL(@OLD_SQL_MODE, '') */;
/*!40014 SET FOREIGN_KEY_CHECKS=IF(@OLD_FOREIGN_KEY_CHECKS IS NULL, 1, @OLD_FOREIGN_KEY_CHECKS) */;
/*!40101 SET CHARACTER_SET_CLIENT=@OLD_CHARACTER_SET_CLIENT */;
